{
  "bot_states": [
    {
      "ID": 0,
      "direction": -3.5262867396900743,
      "state": {},
      "x_position": -78.137385565482646,
      "y_position": -174.1841990844552
    },
    {
      "ID": 1,
      "direction": -0.38628673969007826,
      "state": {},
      "x_position": 108.09883284440333,
      "y_position": 174.22898150148396
    },
    {
      "ID": 2,
      "direction": -1.9562867396900854,
      "state": {},
      "x_position": -174.20659796811123,
      "y_position": 78.118118120299542
    },
    {
      "ID": 3,
      "direction": 1.5807750379693744,
      "state": {},
      "x_position": -67.038370525465723,
      "y_position": -81.065203250933649
    }
  ],
  "ticks": 1130
}